year,life_exp,population,pm
2004,73.576,93540.0,2.99
2005,73.811,94483.0,3.48
2006,74.026,95606.0,2.79
2007,74.21,96787.0,2.99
2008,74.147,97996.0,3.3900001
2009,74.56,99212.0,2.4200001
2010,75.404,100341.0,4.8200002
2011,75.465,101288.0,3.27
2012,75.531,102112.0,2.98
2013,75.636,102880.0,2.5899999
2014,75.601,103594.0,2.1600001
2015,75.683,104257.0,2.26
2016,75.617,104874.0,2.99
2017,75.903,105439.0,2.99
2018,76.072,105962.0,2.4000001
