year,life_exp,population,pm
2004,74.855,38668796.0,10.9
2005,75.139,39070501.0,10.14
2006,75.433,39476851.0,11.2
2007,75.006,39876111.0,11.6
2008,75.641,40273769.0,11.54
2009,75.936,40684338.0,10.04
2010,75.721,40788453.0,9.4300003
2011,76.124,41261490.0,10.27
2012,76.467,41733271.0,10.26
2013,76.491,42202935.0,10.27
2014,76.755,42669500.0,10.46
2015,76.76,43131966.0,10.14
2016,76.308,43590368.0,10.26
2017,76.833,44044811.0,9.9300003
2018,76.999,44494502.0,9.7600002
