year,life_exp,population,pm
2004,75.672,78941.0,2.0699999
2005,75.825,79869.0,2.5599999
2006,75.765,80895.0,2.3399999
2007,76.131,82016.0,2.0599999
2008,76.41,83251.0,2.0599999
2009,76.669,84534.0,2.1600001
2010,76.82,85695.0,2.97
2011,77.104,86729.0,2.1400001
2012,77.35,87674.0,2.26
2013,77.583,88497.0,1.6900001
2014,77.858,89236.0,1.79
2015,77.913,89941.0,1.99
2016,78.152,90564.0,2.1800001
2017,78.268,91119.0,1.88
2018,78.511,91626.0,1.87
