year,life_exp,population,pm
2004,52.01,7120496.0,33.889999
2005,53.023,7388874.0,33.849998
2006,53.869,7658190.0,28.709999
2007,54.727,7944609.0,37.720001
2008,55.71,8278109.0,35.490002
2009,56.388,8709366.0,33.07
2010,57.081,9126605.0,34.93
2011,57.769,9455733.0,35.82
2012,58.493,9795479.0,35.509998
2013,59.235,10149577.0,36.869999
2014,59.868,10494913.0,32.549999
2015,60.217,10727148.0,34.849998
2016,60.793,10903327.0,33.330002
2017,61.553,11155593.0,27.9
2018,61.688,11493472.0,28.33
