year,life_exp,population,pm
2004,76.56,833451.0,13.33
2005,76.931,901921.0,14.39
2006,77.156,970981.0,16.75
2007,77.634,1040532.0,16.450001
2008,78.084,1110343.0,18.049999
2009,78.461,1179453.0,20.26
2010,78.748,1213645.0,21.43
2011,78.89,1212077.0,19.040001
2012,79.081,1224939.0,21.059999
2013,79.246,1261673.0,18.52
2014,79.328,1311134.0,18.99
2015,79.405,1362142.0,19.530001
2016,79.557,1409661.0,18.51
2017,79.689,1456834.0,21.610001
2018,79.857,1487340.0,20.219999
