year,life_exp,population,pm
2004,74.65,360461.0,8.1999998
2005,74.731,366717.0,7.5
2006,74.783,372808.0,10.06
2007,74.818,378748.0,6.1199999
2008,74.84,384568.0,5.3499999
2009,74.846,390311.0,11.52
2010,74.849,396053.0,6.8600001
2011,74.858,401506.0,7.8000002
2012,74.827,406634.0,7.8499999
2013,74.799,411702.0,7.0
2014,74.779,416656.0,7.5900002
2015,74.75,421437.0,11.11
2016,74.733,425994.0,8.25
2017,74.722,430276.0,5.3200002
2018,74.712,434274.0,6.9699998
