year,life_exp,population,pm
2004,71.999,486583.0,2.04
2005,72.68,492827.0,2.3
2006,72.239,498884.0,2.27
2007,72.835,504733.0,2.1500001
2008,72.508,510336.0,2.1199999
2009,73.088,515638.0,1.9299999
2010,73.499,521212.0,2.24
2011,74.257,527521.0,1.83
2012,74.484,533864.0,1.84
2013,75.059,539940.0,1.92
2014,75.24,546076.0,1.65
2015,74.62,552166.0,2.05
2016,75.742,558394.0,1.87
2017,76.593,564954.0,2.01
2018,75.733,571202.0,2.04
