,country,year,life_exp,population,pm
891,CYM,2010,82.190243902439,54074.0,5.4899998
