,country,year,life_exp,population,pm
976,DMA,2002,76.5975609756098,68262.0,1.8099999
