year,life_exp,population,pm
2004,70.331,9043127.0,5.79
2005,70.875,9164768.0,7.79
2006,71.165,9284168.0,6.9200001
2007,71.371,9402206.0,6.6900001
2008,71.658,9522948.0,5.9699998
2009,71.871,9648061.0,6.1100001
2010,72.093,9775755.0,7.3899999
2011,72.221,9903737.0,6.48
2012,72.514,10030882.0,6.1500001
2013,72.713,10157051.0,6.23
2014,72.867,10282115.0,6.8400002
2015,72.953,10405832.0,6.5999999
2016,72.987,10527592.0,7.1700001
2017,73.063,10647244.0,7.4699998
2018,73.232,10765531.0,7.0700002
