year,life_exp,population,pm
2004,68.613,77522427.0,15.41
2005,68.779,79075310.0,15.93
2006,68.977,80629670.0,17.68
2007,69.128,82218755.0,17.059999
2008,69.319,83844783.0,16.610001
2009,69.48,85501064.0,16.690001
2010,69.664,87252413.0,15.1
2011,69.88,89200054.0,18.49
2012,70.085,91240376.0,19.940001
2013,70.052,93377890.0,16.200001
2014,70.415,95592324.0,16.440001
2015,70.483,97723799.0,17.9
2016,70.844,99784030.0,17.129999
2017,71.302,101789386.0,18.93
2018,71.367,103740765.0,17.120001
