year,life_exp,population,pm
2004,70.838,111438.0,0.97000003
2005,70.884,110940.0,0.81999999
2006,71.093,110301.0,0.97000003
2007,71.06,109532.0,0.76999998
2008,71.137,108704.0,0.66000003
2009,71.112,107868.0,1.0700001
2010,71.233,107588.0,0.70999998
2011,71.318,107887.0,0.93000001
2012,71.398,108232.0,0.88
2013,71.499,108609.0,0.91000003
2014,71.529,109024.0,1.29
2015,71.408,109462.0,1.42
2016,71.595,109925.0,0.81
2017,71.467,110430.0,0.69999999
2018,71.318,110929.0,0.88
