year,life_exp,population,pm
2004,61.838,1417110.0,21.940001
2005,61.959,1458353.0,17.639999
2006,62.375,1502534.0,17.33
2007,62.618,1549774.0,21.82
2008,63.083,1599978.0,24.27
2009,63.303,1653542.0,21.360001
2010,63.898,1711105.0,22.84
2011,64.045,1772500.0,22.83
2012,64.587,1836705.0,21.82
2013,64.776,1902226.0,24.32
2014,64.974,1966855.0,21.48
2015,65.46,2028517.0,23.389999
2016,65.802,2086206.0,23.75
2017,66.189,2140215.0,20.860001
2018,66.306,2192012.0,22.4
