year,life_exp,population,pm
2004,52.15,1347009.0,7.73
2005,52.249,1379713.0,7.96
2006,53.371,1414091.0,8.29
2007,54.155,1450572.0,7.6399999
2008,54.646,1488431.0,7.7600002
2009,55.541,1527196.0,9.3199997
2010,56.23,1567220.0,9.0600004
2011,56.967,1609017.0,8.0200005
2012,57.69,1652717.0,7.8099999
2013,58.232,1697753.0,7.9699998
2014,58.61,1743309.0,8.3900003
2015,59.128,1788919.0,8.0600004
2016,59.674,1834552.0,7.4099998
2017,60.066,1879826.0,7.5300002
2018,60.502,1924955.0,7.1500001
