year,life_exp,population,pm
2004,76.923,164004.0,1.03
2005,77.182,164430.0,0.99000001
2006,77.136,164675.0,1.08
2007,77.098,164763.0,0.92000002
2008,77.185,164725.0,0.82999998
2009,77.094,164580.0,0.92000002
2010,76.879,164905.0,0.77999997
2011,76.872,165649.0,0.88999999
2012,76.707,166392.0,1.15
2013,76.72,167054.0,1.02
2014,76.749,167543.0,1.3099999
2015,76.616,167978.0,1.5700001
2016,76.877,168346.0,0.76999998
2017,77.155,168606.0,0.92000002
2018,77.439,168678.0,0.72000003
