year,life_exp,population,pm
2004,64.93,760424.0,6.5900002
2005,65.132,759709.0,7.21
2006,65.667,758367.0,6.4899998
2007,66.254,756521.0,6.2399998
2008,66.288,754150.0,7.4499998
2009,66.563,751258.0,6.6799998
2010,66.743,747932.0,7.6900001
2011,66.982,744230.0,6.3800001
2012,67.23,743966.0,6.4499998
2013,67.473,747420.0,5.8499999
2014,67.882,751115.0,5.46
2015,68.201,755031.0,5.6999998
2016,68.384,759087.0,6.1799998
2017,68.667,763252.0,5.4099998
2018,68.896,785514.0,5.1599998
