year,life_exp,population,pm
2004,69.796,7383407.0,19.969999
2005,70.104,7564613.0,26.24
2006,70.261,7745200.0,22.27
2007,70.376,7924462.0,22.290001
2008,70.441,8101777.0,24.030001
2009,70.911,8277302.0,22.110001
2010,71.088,8450933.0,23.15
2011,71.439,8622504.0,26.66
2012,71.734,8792367.0,21.43
2013,71.963,8960657.0,24.940001
2014,72.259,9127846.0,22.35
2015,72.487,9294505.0,20.68
2016,72.588,9460798.0,20.92
2017,72.692,9626842.0,21.889999
2018,72.814,9792850.0,20.07
