year,life_exp,population,pm
2004,76.966,78677.0,4.7199998
2005,77.623,79415.0,5.3000002
2006,78.191,80228.0,5.6599998
2007,78.331,81100.0,5.8499999
2008,78.449,81997.0,5.3800001
2009,78.681,82915.0,5.4499998
2010,78.983,83828.0,6.2399998
2011,79.19,84350.0,5.9099998
2012,79.337,84338.0,5.1900001
2013,79.473,84144.0,6.5
2014,80.037,83896.0,5.3899999
2015,78.905,83593.0,5.0700002
2016,80.314,83450.0,4.8000002
2017,80.457,83580.0,4.5799999
2018,80.596,83775.0,5.3600001
