year,life_exp,population,pm
2004,71.37,69061674.0,12.94
2005,71.838,70182594.0,14.17
2006,72.276,71275760.0,15.18
2007,72.772,72319418.0,15.11
2008,72.624,73318394.0,16.17
2009,72.698,74322685.0,16.75
2010,73.069,75373855.0,16.23
2011,73.679,76342971.0,18.049999
2012,74.186,77324451.0,17.889999
2013,74.449,78458928.0,15.33
2014,74.782,79961672.0,17.01
2015,75.124,81790841.0,16.16
2016,75.6,83306231.0,15.43
2017,75.971,84505076.0,17.620001
2018,76.195,85617562.0,16.5
