year,life_exp,population,pm
2004,56.361,34791836.0,14.92
2005,57.344,35843010.0,14.6
2006,58.222,36925253.0,15.64
2007,58.865,38036793.0,17.9
2008,59.614,39186895.0,15.43
2009,60.365,40364444.0,15.18
2010,60.649,41517895.0,17.120001
2011,61.046,42635144.0,17.110001
2012,61.115,43725806.0,16.99
2013,61.389,44792368.0,17.43
2014,61.816,45831863.0,15.46
2015,61.892,46851488.0,15.99
2016,62.163,47894670.0,16.040001
2017,62.481,48948137.0,13.96
2018,62.676,49953304.0,15.89
