year,life_exp,population,pm
2004,60.293,5768167.0,29.42
2005,60.98,5852970.0,28.959999
2006,61.493,5946593.0,27.4
2007,62.084,6041348.0,31.16
2008,62.603,6135861.0,27.629999
2009,63.273,6229930.0,26.389999
2010,63.973,6323418.0,30.360001
2011,64.736,6416327.0,27.74
2012,65.355,6508803.0,25.809999
2013,65.718,6600742.0,28.23
2014,66.361,6691454.0,28.790001
2015,66.67,6787419.0,25.65
2016,67.167,6891363.0,28.370001
2017,67.434,6997917.0,25.950001
2018,67.634,7105006.0,23.83
