year,life_exp,population,pm
2004,71.49,5687563.0,6.4899998
2005,71.592,5837986.0,7.4000001
2006,71.724,5973369.0,7.6599998
2007,71.863,6097177.0,7.1700001
2008,72.269,6228370.0,6.79
2009,72.356,6360191.0,7.0300002
2010,72.374,6491988.0,5.9099998
2011,70.071,6188132.0,7.7399998
2012,72.247,5869870.0,7.46
2013,72.34,5985221.0,7.4400001
2014,71.511,6097764.0,5.6300001
2015,71.698,6192235.0,7.7199998
2016,71.756,6282196.0,6.1599998
2017,72.482,6378261.0,7.0999999
2018,72.794,6477793.0,6.1799998
