year,life_exp,population,pm
2004,67.091,19387153.0,17.299999
2005,72.118,19544988.0,19.459999
2006,71.969,19695977.0,18.629999
2007,72.049,19842044.0,19.49
2008,71.729,19983984.0,19.76
2009,69.187,20123508.0,20.26
2010,73.215,20261738.0,21.370001
2011,73.38,20398496.0,22.370001
2012,73.906,20425000.0,20.790001
2013,74.239,20585000.0,21.85
2014,74.651,20778000.0,20.77
2015,74.927,20970000.0,20.219999
2016,75.331,21203000.0,19.370001
2017,75.403,21444000.0,18.92
2018,75.748,21670000.0,20.139999
