year,life_exp,population,pm
2004,68.231,30033125.0,7.25
2005,68.704,30431902.0,8.54
2006,69.128,30833022.0,8.4499998
2007,69.604,31232633.0,8.6400003
2008,70.048,31634992.0,7.3899999
2009,70.458,32042877.0,6.9000001
2010,70.829,32464865.0,6.8699999
2011,71.269,32903699.0,7.3099999
2012,71.679,33352169.0,7.2600002
2013,72.122,33803527.0,8.1099997
2014,72.538,34248603.0,6.6500001
2015,72.92,34680458.0,8.4499998
2016,73.284,35107264.0,7.29
2017,73.66,35528115.0,6.73
2018,73.986,35927511.0,7.73
