,country,year,life_exp,population,pm
2427,MHL,1999,67.5048780487805,53834.0,0.47
2428,MHL,2000,65.2390243902439,54224.0,0.47
