year,life_exp,population,pm
2004,61.25,47338446.0,30.35
2005,61.599,47724471.0,29.42
2006,61.893,48088274.0,29.690001
2007,62.371,48445647.0,32.52
2008,56.506,48729486.0,29.639999
2009,63.155,49015836.0,33.700001
2010,63.329,49390988.0,32.209999
2011,63.901,49794522.0,29.690001
2012,64.141,50218185.0,29.73
2013,64.815,50648334.0,32.009998
2014,65.056,51072436.0,32.470001
2015,65.561,51483949.0,29.959999
2016,65.685,51892349.0,31.27
2017,65.843,52288341.0,28.82
2018,66.465,52666014.0,30.360001
