year,life_exp,population,pm
2004,61.593,2946575.0,3.1500001
2005,61.656,3012360.0,3.1900001
2006,61.891,3081229.0,3.29
2007,62.228,3153508.0,3.0699999
2008,62.399,3233336.0,3.1099999
2009,62.8,3322616.0,3.3399999
2010,63.105,3419461.0,3.5999999
2011,63.346,3524249.0,3.3299999
2012,63.578,3636113.0,3.6400001
2013,63.911,3742959.0,3.1199999
2014,64.155,3843174.0,3.29
2015,64.485,3946220.0,3.21
2016,64.768,4051890.0,3.1600001
2017,65.083,4160015.0,3.3499999
2018,65.31,4270712.0,3.0
