year,life_exp,population,pm
2004,48.767,136756848.0,22.41
2005,49.297,140490722.0,22.41
2006,49.73,144329764.0,21.280001
2007,50.033,148294028.0,22.01
2008,50.225,152382506.0,23.92
2009,50.712,156595758.0,22.530001
2010,50.945,160952853.0,23.709999
2011,51.357,165463745.0,22.15
2012,51.497,170075932.0,22.02
2013,51.707,174726123.0,20.49
2014,51.791,179379016.0,20.440001
2015,51.841,183995785.0,20.450001
2016,52.043,188666931.0,23.1
2017,52.305,193495907.0,22.9
2018,52.554,198387623.0,23.469999
