year,life_exp,population,pm
2004,74.329,2468855.0,9.3000002
2005,74.396,2515192.0,9.4799995
2006,74.48,2560649.0,12.47
2007,74.461,2605700.0,10.82
2008,74.612,2651028.0,12.46
2009,74.681,2697537.0,13.64
2010,76.269,2881914.0,12.65
2011,76.608,3206870.0,12.37
2012,77.061,3535579.0,13.46
2013,77.246,3816680.0,12.82
2014,77.446,4009267.0,13.25
2015,77.687,4191776.0,12.52
2016,77.916,4398070.0,12.96
2017,77.924,4541854.0,11.83
2018,77.966,4601157.0,13.03
