year,life_exp,population,pm
2004,70.037,84607501.0,17.389999
2005,70.24,86261250.0,18.709999
2006,70.282,87901835.0,16.73
2007,70.483,89561377.0,17.129999
2008,70.564,91252326.0,16.549999
2009,70.633,92946951.0,18.51
2010,70.754,94636700.0,17.15
2011,70.788,96337913.0,17.82
2012,70.881,98032317.0,16.57
2013,70.835,99700107.0,16.889999
2014,71.151,101325201.0,17.66
2015,71.268,103031365.0,16.950001
2016,71.387,104875266.0,16.1
2017,71.516,106738501.0,16.889999
2018,71.689,108568836.0,14.55
