,country,year,life_exp,population,pm
2954,PLW,2000,70.4936585365854,19726.0,1.8200001
2955,PLW,2005,69.1292682926829,19831.0,2.4100001
