year,life_exp,population,pm
2004,77.143,3826878.0,1.78
2005,77.237,3821362.0,2.55
2006,77.415,3805214.0,2.53
2007,77.621,3782995.0,2.25
2008,77.841,3760866.0,1.75
2009,77.877,3740410.0,1.9
2010,78.01,3721525.0,2.5799999
2011,78.316,3678732.0,1.77
2012,78.461,3634488.0,1.92
2013,78.777,3593077.0,1.7
2014,78.929,3534874.0,1.86
2015,79.695,3473232.0,1.75
2016,80.27,3406672.0,1.97
2017,79.258,3325286.0,2.27
2018,79.77,3193354.0,2.1099999
