year,life_exp,population,pm
2004,79.696,267132.0,0.87
2005,79.736,271060.0,1.14
2006,79.842,274901.0,0.85000002
2007,80.02,278178.0,0.88999999
2008,80.301,280558.0,0.69
2009,80.665,282283.0,0.77999997
2010,81.039,283788.0,0.75999999
2011,81.429,285265.0,0.66000003
2012,81.759,286584.0,0.75999999
2013,82.017,288032.0,0.85000002
2014,82.214,289873.0,0.93000001
2015,82.354,291787.0,0.86000001
2016,82.488,293541.0,0.75999999
2017,82.618,295450.0,0.76999998
2018,82.783,297606.0,0.86000001
