year,life_exp,population,pm
2004,55.491,8791853.0,34.549999
2005,57.316,9026299.0,34.360001
2006,58.714,9270066.0,29.23
2007,59.965,9523168.0,38.48
2008,61.134,9781996.0,36.549999
2009,61.958,10043737.0,33.82
2010,62.54,10309031.0,35.41
2011,63.261,10576932.0,37.169998
2012,64.009,10840334.0,36.439999
2013,64.426,11101350.0,37.139999
2014,64.94,11368451.0,33.189999
2015,65.298,11642959.0,35.34
2016,65.737,11930899.0,34.560001
2017,65.941,12230339.0,29.690001
2018,66.251,12531808.0,29.65
