year,life_exp,population,pm
2004,74.153,23661808.0,16.120001
2005,74.588,24397644.0,17.84
2006,74.81,25382870.0,20.49
2007,75.046,26400068.0,20.41
2008,75.274,27437353.0,21.99
2009,75.431,28483797.0,22.709999
2010,75.763,29411929.0,23.51
2011,76.234,30150945.0,24.68
2012,76.461,30821543.0,25.17
2013,76.626,31482498.0,22.030001
2014,76.757,32125564.0,24.83
2015,76.918,32749848.0,25.030001
2016,77.064,33416270.0,24.07
2017,77.16,34193122.0,26.440001
2018,77.212,35018133.0,24.76
