year,life_exp,population,pm
2004,66.416,510572.0,6.1700001
2005,67.002,516220.0,6.29
2006,67.571,522023.0,6.0799999
2007,68.204,527946.0,5.6100001
2008,68.816,533938.0,6.9000001
2009,69.505,539987.0,6.3000002
2010,69.894,546080.0,6.1100001
2011,69.914,552146.0,5.6700001
2012,69.764,558111.0,5.7600002
2013,69.682,563947.0,5.1900001
2014,69.782,569682.0,4.9200001
2015,70.8,575475.0,4.98
2016,71.592,581453.0,5.3499999
2017,72.417,587559.0,5.0100002
2018,72.553,593715.0,4.9499998
