year,life_exp,population,pm
2004,42.538,1065764.0,16.49
2005,42.125,1071886.0,17.25
2006,43.12,1077735.0,15.15
2007,43.641,1084008.0,16.700001
2008,44.175,1089870.0,15.4
2009,44.639,1094886.0,15.59
2010,46.619,1099920.0,17.709999
2011,48.195,1105371.0,14.69
2012,49.835,1111444.0,16.290001
2013,51.486,1118319.0,15.19
2014,53.05,1125865.0,14.36
2015,55.019,1133936.0,15.35
2016,56.659,1142524.0,13.12
2017,57.895,1151390.0,14.0
2018,59.411,1160428.0,14.62
