year,life_exp,population,pm
2004,72.475,18084007.0,16.110001
2005,72.769,18583557.0,18.16
2006,73.35,19432009.0,17.049999
2007,73.709,20703005.0,18.01
2008,73.551,21474059.0,16.85
2009,73.853,21827220.0,20.030001
2010,73.881,22337563.0,17.549999
2011,73.305,22730733.0,20.940001
2012,66.769,22605577.0,23.280001
2013,63.827,21495821.0,20.6
2014,63.153,20072232.0,19.620001
2015,65.124,19205178.0,20.700001
2016,65.993,18964252.0,18.52
2017,68.481,18983373.0,20.09
2018,70.145,19333463.0,19.99
