year,life_exp,population,pm
2004,73.08,65311166.0,23.879999
2005,73.82,65821360.0,23.83
2006,74.938,66319525.0,22.75
2007,75.187,66826754.0,25.639999
2008,75.492,67328239.0,23.879999
2009,75.842,67813654.0,23.02
2010,76.131,68270489.0,23.57
2011,76.421,68712846.0,24.530001
2012,76.772,69157023.0,22.940001
2013,77.083,69578602.0,24.99
2014,77.415,69960943.0,23.549999
2015,77.717,70294397.0,21.32
2016,78.049,70607037.0,23.209999
2017,78.394,70898202.0,21.07
2018,78.662,71127802.0,21.35
