year,life_exp,population,pm
2004,66.075,4819792.0,8.0500002
2005,66.068,4885775.0,9.3699999
2006,66.499,4954029.0,9.0900002
2007,66.895,5024894.0,8.7399998
2008,67.407,5100083.0,11.36
2009,67.958,5180957.0,8.8900003
2010,68.293,5267970.0,9.3400002
2011,68.567,5360811.0,11.36
2012,68.722,5458682.0,12.25
2013,68.74,5560095.0,8.1899996
2014,68.614,5663152.0,9.3000002
2015,68.782,5766431.0,8.5900002
2016,68.777,5868561.0,8.5299997
2017,68.916,5968383.0,9.8500004
2018,68.796,6065066.0,8.9499998
