year,life_exp,population,pm
2004,71.076,1361172.0,3.25
2005,71.308,1369075.0,3.72
2006,71.256,1376919.0,3.55
2007,71.652,1384861.0,3.45
2008,71.47,1392803.0,3.74
2009,73.126,1401191.0,3.29
2010,72.725,1410296.0,5.1799998
2011,73.278,1420020.0,3.54
2012,73.716,1430377.0,3.54
2013,73.962,1440729.0,3.4100001
2014,74.215,1450661.0,2.9200001
2015,74.503,1460177.0,3.0699999
2016,74.281,1469330.0,3.8299999
2017,74.23,1478607.0,3.75
2018,73.802,1504709.0,3.03
