year,life_exp,population,pm
2004,73.24,67785075.0,17.309999
2005,73.534,68704715.0,18.51
2006,73.845,69601333.0,19.870001
2007,74.193,70468869.0,19.66
2008,74.45,71320726.0,17.700001
2009,74.765,72225639.0,20.15
2010,75.069,73195345.0,17.200001
2011,74.941,74173854.0,22.610001
2012,75.678,75277439.0,24.049999
2013,76.297,76576117.0,21.83
2014,76.565,78112073.0,22.370001
2015,76.646,79646178.0,23.129999
2016,76.66,81019394.0,20.73
2017,77.141,82089826.0,22.559999
2018,77.563,82809304.0,21.15
