year,life_exp,population,pm
2004,73.035,112608.0,2.1400001
2005,73.516,112043.0,2.4400001
2006,74.017,111427.0,2.1500001
2007,74.703,110824.0,2.1400001
2008,75.053,110316.0,2.1800001
2009,75.083,109840.0,2.3599999
2010,74.718,109308.0,3.1700001
2011,74.596,108703.0,2.1700001
2012,74.146,108083.0,2.3299999
2013,73.798,107450.0,1.9400001
2014,74.473,106912.0,1.83
2015,74.407,106482.0,2.0899999
2016,74.28,105963.0,2.3399999
2017,74.305,105549.0,2.4400001
2018,74.128,105281.0,2.01
