year,life_exp,population,pm
2004,69.313,212422.0,3.0
2005,69.39,217632.0,3.1700001
2006,69.462,222923.0,2.75
2007,69.544,228345.0,3.52
2008,69.602,233952.0,3.97
2009,69.653,239689.0,3.5
2010,69.617,245453.0,3.98
2011,69.551,251294.0,4.3200002
2012,69.497,257313.0,4.04
2013,69.534,263534.0,4.5999999
2014,69.465,269927.0,4.3400002
2015,69.513,276438.0,3.95
2016,69.65,283218.0,4.1900001
2017,69.71,290239.0,4.73
2018,69.795,297298.0,4.5100002
