year,life_exp,population,pm
2004,71.696,188073.0,0.75
2005,71.754,188626.0,1.2
2006,72.021,189379.0,0.94
2007,72.1,190478.0,1.04
2008,72.155,191787.0,0.80000001
2009,70.066,193176.0,0.94999999
2010,72.249,194672.0,0.81
2011,72.26,196351.0,0.75
2012,72.167,198124.0,0.91000003
2013,72.391,199939.0,0.94
2014,72.463,201757.0,1.0
2015,72.515,203571.0,1.26
2016,72.54,205544.0,1.0599999
2017,72.59,207630.0,1.0700001
2018,72.636,209701.0,1.14
