year,life_exp,population,pm
2004,49.487,11188040.0,19.41
2005,50.659,11564870.0,21.889999
2006,51.795,11971567.0,19.84
2007,52.739,12402073.0,23.059999
2008,53.945,12852966.0,22.07
2009,55.3,13318087.0,21.209999
2010,56.799,13792086.0,23.120001
2011,57.771,14265814.0,20.200001
2012,58.867,14744658.0,21.530001
2013,59.878,15234976.0,20.18
2014,60.699,15737793.0,19.65
2015,61.208,16248230.0,21.620001
2016,61.794,16767761.0,20.23
2017,62.12,17298054.0,18.92
2018,62.342,17835893.0,19.35
